<?xml version="1.0" encoding="UTF-8"?>
<project-private xmlns="http://www.netbeans.org/ns/project-private/1">
    <editor-bookmarks xmlns="http://www.netbeans.org/ns/editor-bookmarks/2" lastBookmarkId="0"/>
    <open-files xmlns="http://www.netbeans.org/ns/projectui-open-files/2">
        <group>
            <file>file:/F:/netbeansproject/Email%20Marketing/src/EmailMarketingSoftware/emailHome.java</file>
            <file>file:/F:/netbeansproject/Email%20Marketing/src/EmailMarketingSoftware/Profile.java</file>
            <file>file:/F:/netbeansproject/Email%20Marketing/src/EmailMarketingSoftware/filereader.java</file>
            <file>file:/F:/netbeansproject/Email%20Marketing/src/EmailMarketingSoftware/create.java</file>
            <file>file:/F:/netbeansproject/Email%20Marketing/src/EmailMarketingSoftware/resetpassword.java</file>
            <file>file:/F:/netbeansproject/Email%20Marketing/src/EmailMarketingSoftware/Login.java</file>
            <file>file:/F:/netbeansproject/Email%20Marketing/src/EmailMarketingSoftware/DeleteAccount.java</file>
            <file>file:/F:/netbeansproject/Email%20Marketing/src/EmailMarketingSoftware/javaconnect.java</file>
        </group>
    </open-files>
</project-private>
